NAME,bike_percent,walk_percent,transit_percent,car_percent,taxi_motorcycle_other_percent,wfh_percent,metropolitan statistical area/micropolitan statistical area
"Aberdeen, SD Micro Area",0.2,4.1,0.5,87.2,1.0,7.0,10100
"Aberdeen, WA Micro Area",0.5,3.7,1.7,83.1,1.6,9.4,10140
"Abilene, TX Metro Area",0.5,1.9,0.4,88.5,1.0,7.7,10180
"Ada, OK Micro Area",0.1,4.3,0.2,90.7,1.0,3.7,10220
"Adrian, MI Micro Area",0.1,2.8,0.2,88.1,0.6,8.3,10300
"Aguadilla, PR Metro Area",0.2,3.2,0.4,89.4,0.7,6.1,10380
"Akron, OH Metro Area",0.1,1.5,0.8,83.5,1.0,13.1,10420
"Alamogordo, NM Micro Area",0.3,3.1,0.3,89.6,0.8,6.0,10460
"Alamosa, CO Micro Area",0.1,4.2,0.1,87.4,1.0,7.2,10480
"Albany, GA Metro Area",0.1,1.2,0.8,89.5,1.4,7.0,10500
"Albany, OR Metro Area",0.5,2.2,0.2,85.6,1.6,10.0,10540
"Albany-Schenectady-Troy, NY Metro Area",0.2,3.1,2.7,79.2,1.1,13.7,10580
"Albemarle, NC Micro Area",0.0,0.8,0.4,90.6,0.6,7.7,10620
"Albert Lea, MN Micro Area",0.5,2.5,0.1,88.4,1.0,7.5,10660
"Albertville, AL Micro Area",0.0,0.4,0.2,92.8,0.5,6.1,10700
"Albuquerque, NM Metro Area",0.6,1.6,1.0,82.6,1.2,12.9,10740
"Alexander City, AL Micro Area",0.1,0.9,0.3,93.7,0.4,4.5,10760
"Alexandria, LA Metro Area",0.2,2.2,1.9,87.5,3.6,4.5,10780
"Alexandria, MN Micro Area",0.7,2.0,0.3,85.9,0.5,10.7,10820
"Alice, TX Micro Area",0.0,1.2,0.0,90.0,0.7,8.1,10860
"Allentown-Bethlehem-Easton, PA-NJ Metro Area",0.2,2.1,1.2,83.1,1.5,11.9,10900
"Alma, MI Micro Area",0.6,3.5,0.6,87.7,0.5,7.1,10940
"Alpena, MI Micro Area",0.9,2.0,0.8,85.3,2.9,8.1,10980
"Altoona, PA Metro Area",0.1,3.4,0.6,89.2,0.7,5.9,11020
"Altus, OK Micro Area",0.3,2.0,0.0,90.6,1.9,5.2,11060
"Amarillo, TX Metro Area",0.2,1.3,0.4,90.4,1.5,6.2,11100
"Americus, GA Micro Area",0.0,2.5,0.0,86.6,3.3,7.6,11140
"Ames, IA Metro Area",0.9,4.9,3.2,79.8,0.5,10.5,11180
"Amherst Town-Northampton, MA Metro Area",0.9,7.3,2.6,72.2,0.6,16.5,11200
"Amsterdam, NY Micro Area",0.4,2.5,0.2,86.4,2.5,7.9,11220
"Anchorage, AK Metro Area",0.5,2.4,1.2,83.0,3.1,9.8,11260
"Anderson Creek, NC Micro Area",0.2,1.7,0.0,90.3,0.8,7.0,11360
"Andrews, TX Micro Area",0.0,0.4,0.1,95.6,1.4,2.6,11380
"Angola, IN Micro Area",0.5,2.9,0.3,90.8,0.6,4.8,11420
"Ann Arbor, MI Metro Area",1.0,5.8,3.8,68.3,0.8,20.3,11460
"Anniston-Oxford, AL Metro Area",0.0,0.8,0.6,93.6,0.7,4.2,11500
"Appleton, WI Metro Area",0.3,1.8,0.3,85.9,0.9,10.7,11540
"Arcadia, FL Micro Area",1.2,2.8,1.5,87.7,1.0,5.8,11580
"Ardmore, OK Micro Area",0.3,1.7,0.5,91.6,1.7,4.2,11620
"Arecibo, PR Metro Area",0.0,0.9,0.3,92.5,0.4,5.8,11640
"Arkadelphia, AR Micro Area",0.0,6.7,0.3,86.5,1.3,5.2,11660
"Arkansas City-Winfield, KS Micro Area",0.3,1.7,0.1,91.3,1.8,4.8,11680
"Asheville, NC Metro Area",0.2,1.7,0.6,82.2,1.3,14.0,11700
"Ashland, OH Micro Area",0.4,3.0,0.1,87.8,2.4,6.3,11740
"Astoria, OR Micro Area",0.6,5.7,0.7,79.7,1.5,11.8,11820
"Atchison, KS Micro Area",0.0,5.9,0.0,85.1,1.8,7.3,11860
"Athens, OH Micro Area",0.9,11.7,0.8,74.2,0.7,11.7,11900
"Athens, TN Micro Area",0.0,1.0,0.0,92.9,0.5,5.5,11940
"Athens, TX Micro Area",0.0,1.3,0.3,88.3,1.7,8.4,11980
"Athens-Clarke County, GA Metro Area",0.6,3.3,1.3,81.9,0.9,12.1,12020
"Atlanta-Sandy Springs-Roswell, GA Metro Area",0.1,1.2,1.8,76.7,1.8,18.5,12060
"Atlantic City-Hammonton, NJ Metro Area",0.6,3.5,3.2,82.1,1.8,8.9,12100
"Auburn, IN Micro Area",0.1,1.0,0.1,93.3,1.0,4.4,12140
"Auburn, NY Micro Area",0.1,3.7,0.5,87.6,1.6,6.6,12180
"Auburn-Opelika, AL Metro Area",0.1,3.2,0.7,86.7,1.0,8.2,12220
"Augusta-Richmond County, GA-SC Metro Area",0.1,1.2,0.7,87.3,2.1,8.7,12260
"Augusta-Waterville, ME Micro Area",0.1,2.6,0.1,82.1,1.3,13.8,12300
"Austin, MN Micro Area",0.3,2.8,0.9,88.6,1.0,6.4,12380
"Austin-Round Rock-San Marcos, TX Metro Area",0.4,1.8,1.1,71.1,1.4,24.2,12420
"Bainbridge, GA Micro Area",0.8,0.8,0.3,92.6,2.7,2.8,12460
"Baker City, OR Micro Area",1.2,6.6,0.2,83.1,0.5,8.4,12520
"Bakersfield-Delano, CA Metro Area",0.1,1.0,0.5,90.7,1.1,6.6,12540
"Baltimore-Columbia-Towson, MD Metro Area",0.2,2.2,3.8,76.1,1.5,16.1,12580
"Bangor, ME Metro Area",0.4,3.6,0.5,83.7,1.2,10.6,12620
"Baraboo, WI Micro Area",0.4,2.5,0.1,87.1,1.5,8.4,12660
"Barnstable Town, MA Metro Area",0.6,1.7,1.2,80.7,1.2,14.6,12700
"Barre, VT Micro Area",0.2,3.8,0.7,76.8,0.6,17.8,12740
"Bartlesville, OK Micro Area",0.3,1.9,0.3,89.8,1.2,6.6,12780
"Batavia, NY Micro Area",0.4,3.3,0.1,88.5,1.4,6.2,12860
"Batesville, AR Micro Area",0.5,2.0,0.1,90.7,1.3,5.5,12900
"Baton Rouge, LA Metro Area",0.2,1.5,0.7,90.0,0.7,6.8,12940
"Battle Creek, MI Metro Area",0.4,2.1,0.6,88.8,1.0,7.2,12980
"Bay City, MI Metro Area",0.5,1.4,0.3,89.6,0.7,7.4,13020
"Bay City, TX Micro Area",0.9,0.5,0.4,93.0,0.7,4.5,13060
"Beatrice, NE Micro Area",0.0,2.2,0.0,90.9,0.9,6.0,13100
"Beaumont-Port Arthur, TX Metro Area",0.2,0.9,0.3,94.3,0.9,3.4,13140
"Beaver Dam, WI Micro Area",0.2,2.9,0.0,88.5,0.9,7.6,13180
"Beckley, WV Metro Area",0.0,1.7,0.1,90.4,1.3,6.5,13220
"Bedford, IN Micro Area",0.0,2.2,0.0,91.5,0.7,5.6,13260
"Beeville, TX Micro Area",0.0,1.3,0.0,91.0,1.7,5.9,13300
"Bellefontaine, OH Micro Area",0.0,2.0,0.2,88.7,1.3,7.9,13340
"Bellingham, WA Metro Area",1.9,3.4,1.9,78.3,1.1,13.3,13380
"Bemidji, MN Micro Area",0.4,2.9,1.4,86.4,0.8,8.1,13420
"Bend, OR Metro Area",1.2,2.2,0.3,76.5,1.2,18.6,13460
"Bennington, VT Micro Area",0.2,4.0,0.3,80.1,1.2,14.2,13540
"Big Rapids, MI Micro Area",0.2,5.0,0.5,86.2,1.4,6.7,13660
"Big Spring, TX Micro Area",0.1,0.9,0.0,94.8,0.4,3.8,13700
"Billings, MT Metro Area",0.5,2.3,1.0,87.0,1.0,8.2,13740
"Binghamton, NY Metro Area",0.6,3.6,2.3,83.7,1.4,8.4,13780
"Birmingham, AL Metro Area",0.1,1.2,0.3,87.1,1.0,10.2,13820
"Bishop, CA Micro Area",2.7,5.6,1.0,77.6,0.8,12.4,13860
"Bismarck, ND Metro Area",0.2,1.7,0.1,89.0,0.8,8.1,13900
"Blackfoot, ID Micro Area",0.0,1.5,1.4,90.7,0.5,5.9,13940
"Blacksburg-Christiansburg-Radford, VA Metro Area",0.7,4.2,2.0,82.3,1.1,9.7,13980
"Bloomington, IL Metro Area",0.3,4.1,0.8,78.3,0.7,15.8,14010
"Bloomington, IN Metro Area",1.0,5.8,1.9,76.7,0.9,13.8,14020
"Bloomsburg-Berwick, PA Micro Area",0.0,3.1,0.3,85.6,0.6,10.3,14100
"Bluefield, WV-VA Micro Area",0.0,1.8,0.4,90.1,1.6,6.2,14140
"Blytheville, AR Micro Area",0.0,0.9,0.1,94.8,1.1,3.2,14180
"Bogalusa, LA Micro Area",0.1,1.5,0.4,86.4,7.7,3.9,14220
"Boise City, ID Metro Area",1.1,2.2,0.3,80.0,1.3,15.1,14260
"Bonham, TX Micro Area",0.1,1.5,0.0,84.2,1.3,12.9,14300
"Boone, NC Micro Area",0.1,3.9,1.2,84.6,0.8,9.6,14380
"Borger, TX Micro Area",0.3,1.9,1.0,92.9,1.1,2.7,14420
"Boston-Cambridge-Newton, MA-NH Metro Area",1.0,4.7,9.0,64.9,1.7,18.7,14460
"Boulder, CO Metro Area",3.0,3.8,3.1,61.3,0.9,27.9,14500
"Bowling Green, KY Metro Area",0.1,2.9,0.2,89.6,0.9,6.4,14540
"Bozeman, MT Metro Area",2.0,5.4,0.5,76.1,1.0,14.9,14580
"Bradford, PA Micro Area",0.3,4.6,1.3,88.0,1.0,4.7,14620
"Brainerd, MN Micro Area",0.3,2.2,0.4,84.5,1.4,11.2,14660
"Branson, MO Micro Area",0.1,2.0,0.2,86.7,1.1,9.8,14700
"Brattleboro, VT Micro Area",0.3,5.2,0.5,76.3,0.6,17.1,14710
"Breckenridge, CO Micro Area",2.1,3.8,3.7,71.4,0.5,18.6,14720
"Bremerton-Silverdale-Port Orchard, WA Metro Area",0.5,4.5,6.3,73.9,1.6,13.2,14740
"Brenham, TX Micro Area",0.7,3.7,0.0,85.4,2.2,8.1,14780
"Brevard, NC Micro Area",0.7,2.3,0.4,85.5,0.4,10.7,14820
"Bridgeport-Stamford-Danbury, CT Metro Area",0.1,2.6,6.9,71.5,1.6,17.2,14860
"Brigham City, UT-ID Micro Area",0.0,1.4,0.4,86.8,1.1,10.2,14940
"Brookhaven, MS Micro Area",0.0,1.6,0.0,93.6,1.8,3.0,15020
"Brookings, OR Micro Area",0.2,2.4,0.5,76.6,1.5,18.8,15060
"Brookings, SD Micro Area",0.9,3.4,0.6,83.7,0.5,10.9,15100
"Brownsville-Harlingen, TX Metro Area",0.1,1.7,0.5,88.4,1.2,8.1,15180
"Brownwood, TX Micro Area",0.4,1.3,0.7,92.3,0.7,4.7,15220
"Brunswick-St. Simons, GA Metro Area",0.2,0.9,0.2,88.4,1.8,8.5,15260
"Bucyrus, OH Micro Area",0.0,1.6,0.1,90.7,2.0,5.5,15340
"Buffalo-Cheektowaga, NY Metro Area",0.3,2.4,2.6,82.4,1.3,11.0,15380
"Burley, ID Micro Area",0.1,1.0,0.1,90.6,1.7,6.6,15420
"Burlington, IA-IL Micro Area",0.1,1.7,0.6,92.1,1.0,4.5,15460
"Burlington, NC Metro Area",0.0,1.4,0.1,88.5,0.8,9.2,15500
"Burlington-South Burlington, VT Metro Area",1.4,4.9,1.6,74.9,0.7,16.6,15540
"Butte-Silver Bow, MT Micro Area",0.0,2.7,0.9,87.9,1.3,7.1,15580
"Cadillac, MI Micro Area",0.6,3.2,0.4,89.2,0.9,5.7,15620
"Calhoun, GA Micro Area",0.3,0.6,0.1,89.6,1.8,7.6,15660
"Cambridge, MD Micro Area",0.4,1.4,0.3,90.7,0.6,6.7,15700
"Cambridge, OH Micro Area",0.0,0.8,0.1,94.0,1.3,3.8,15740
"Camden, AR Micro Area",0.1,1.6,0.0,94.3,0.9,3.1,15780
"Campbellsville, KY Micro Area",0.0,2.1,0.5,85.9,1.6,9.9,15820
"Cañon City, CO Micro Area",1.0,3.5,0.1,82.5,0.7,12.3,15860
"Canton, IL Micro Area",0.2,2.4,0.1,91.2,1.0,5.0,15900
"Canton-Massillon, OH Metro Area",0.1,1.6,0.9,85.8,1.4,10.3,15940
"Cape Coral-Fort Myers, FL Metro Area",0.6,1.1,0.5,82.2,1.8,13.8,15980
"Cape Girardeau, MO-IL Metro Area",0.1,1.3,0.2,89.5,1.2,7.7,16020
"Carbondale, IL Micro Area",0.4,5.4,1.1,82.7,1.6,8.7,16060
"Carlsbad-Artesia, NM Micro Area",0.2,1.2,0.3,91.2,0.8,6.2,16100
"Carroll, IA Micro Area",0.0,1.6,0.5,90.7,0.7,6.5,16140
"Carson City, NV Metro Area",0.2,1.8,1.5,86.5,1.5,8.5,16180
"Casper, WY Metro Area",0.2,1.6,0.7,87.5,0.8,9.2,16220
"Cedar City, UT Micro Area",0.2,2.3,0.1,85.3,1.1,11.0,16260
"Cedar Rapids, IA Metro Area",0.2,1.9,0.5,83.3,0.8,13.3,16300
"Cedartown, GA Micro Area",0.1,1.1,0.5,91.9,1.6,4.8,16340
"Celina, OH Micro Area",0.3,1.6,0.1,93.8,0.4,3.7,16380
"Centralia, IL Micro Area",0.3,1.5,0.2,92.3,0.6,5.1,16460
"Centralia, WA Micro Area",0.1,3.8,0.5,85.7,1.3,8.6,16500
"Chambersburg, PA Metro Area",0.2,3.0,0.2,86.4,1.3,8.9,16540
"Champaign-Urbana, IL Metro Area",1.3,6.5,3.3,75.6,0.9,12.5,16580
"Charleston, WV Metro Area",0.1,3.0,1.6,86.3,1.1,8.0,16620
"Charleston-Mattoon, IL Micro Area",1.4,5.3,0.0,86.1,1.0,6.2,16660
"Charleston-North Charleston, SC Metro Area",0.5,1.7,0.6,83.1,1.2,12.9,16700
"Charlotte-Concord-Gastonia, NC-SC Metro Area",0.1,1.2,1.0,77.4,1.2,19.0,16740
"Charlottesville, VA Metro Area",0.9,4.4,2.1,72.7,1.3,18.7,16820
"Chattanooga, TN-GA Metro Area",0.2,1.4,0.5,85.0,1.0,12.0,16860
"Cheyenne, WY Metro Area",0.4,0.9,0.3,89.2,0.8,8.4,16940
"Chicago-Naperville-Elgin, IL-IN Metro Area",0.6,2.8,8.2,71.3,1.5,15.6,16980
"Chico, CA Metro Area",1.3,2.9,0.7,82.3,1.5,11.3,17020
"Chillicothe, OH Micro Area",0.0,1.3,0.1,93.6,0.4,4.6,17060
"Cincinnati, OH-KY-IN Metro Area",0.2,1.8,1.3,82.7,1.1,12.9,17140
"Clarksburg, WV Micro Area",0.4,2.8,0.1,88.9,1.1,6.8,17220
"Clarksdale, MS Micro Area",0.1,1.6,0.2,88.2,0.2,9.7,17260
"Clarksville, TN-KY Metro Area",0.2,2.4,0.4,89.1,1.5,6.5,17300
"Clearlake, CA Micro Area",0.4,2.8,0.8,79.1,1.1,15.8,17340
"Cleveland, MS Micro Area",0.0,1.9,0.0,95.3,0.7,2.1,17380
"Cleveland, OH Metro Area",0.2,2.1,2.1,81.8,1.3,12.6,17410
"Cleveland, TN Metro Area",0.1,1.4,0.0,89.3,0.6,8.6,17420
"Clewiston, FL Micro Area",1.2,2.9,2.5,84.7,3.5,5.2,17500
"Clinton, IA Micro Area",0.2,2.0,0.4,89.7,1.8,6.0,17540
"Clovis, NM Micro Area",0.4,2.9,0.2,92.6,0.5,3.4,17580
"Coamo, PR Micro Area",0.4,2.8,0.0,92.4,0.0,4.4,17620
"Coco, PR Micro Area",1.1,0.8,0.0,92.3,0.1,5.7,17640
"Cody, WY Micro Area",0.2,5.1,0.1,83.9,0.7,10.1,17650
"Coeur d'Alene, ID Metro Area",0.4,1.6,0.4,82.7,0.9,14.0,17660
"Coldwater, MI Micro Area",0.2,1.8,0.2,91.1,1.7,5.0,17740
"College Station-Bryan, TX Metro Area",1.0,2.1,1.3,84.5,1.3,9.7,17780
"Colorado Springs, CO Metro Area",0.4,3.3,0.3,79.5,1.1,15.4,17820
"Columbia, MO Metro Area",0.7,3.8,0.8,84.8,1.0,8.9,17860
"Columbia, SC Metro Area",0.1,3.5,0.5,84.3,1.7,9.9,17900
"Columbus, GA-AL Metro Area",0.2,2.6,0.9,85.6,1.8,8.8,17980
"Columbus, IN Metro Area",0.3,1.0,0.5,85.5,0.7,11.9,18020
"Columbus, MS Micro Area",0.1,1.5,0.0,93.0,0.6,4.8,18060
"Columbus, NE Micro Area",0.3,3.8,0.0,90.4,1.2,4.4,18100
"Columbus, OH Metro Area",0.2,1.9,1.2,79.1,1.0,16.6,18140
"Concord, NH Micro Area",0.3,2.7,0.3,82.7,0.9,13.1,18180
"Connersville, IN Micro Area",0.0,2.1,0.1,92.4,0.7,4.7,18220
"Cookeville, TN Micro Area",0.0,1.5,0.1,90.4,0.4,7.6,18260
"Coos Bay-North Bend, OR Micro Area",0.3,2.8,0.0,86.7,2.6,7.5,18300
"Corbin, KY Micro Area",0.1,1.4,0.2,89.6,0.9,7.9,18340
"Cordele, GA Micro Area",1.3,0.3,0.0,88.9,1.9,7.6,18380
"Corinth, MS Micro Area",0.0,1.9,0.1,94.0,1.5,2.5,18420
"Cornelia, GA Micro Area",0.0,0.7,0.2,89.9,0.6,8.6,18460
"Corning, NY Micro Area",0.6,4.1,0.5,86.3,0.7,7.9,18500
"Corpus Christi, TX Metro Area",0.2,1.3,1.0,90.5,1.4,5.5,18580
"Corsicana, TX Micro Area",0.0,1.4,0.0,91.8,0.6,6.3,18620
"Cortland, NY Micro Area",0.4,5.1,1.0,85.1,1.2,7.1,18660
"Corvallis, OR Metro Area",4.8,7.4,1.9,67.7,1.5,16.7,18700
"Coshocton, OH Micro Area",1.8,1.3,0.1,86.8,3.8,6.1,18740
"Crawfordsville, IN Micro Area",0.2,3.5,0.1,88.7,0.4,7.0,18820
"Crescent City, CA Micro Area",0.1,3.7,0.4,86.8,1.5,7.5,18860
"Crestview-Fort Walton Beach-Destin, FL Metro Area",0.6,1.7,0.3,85.6,1.3,10.7,18880
"Crossville, TN Micro Area",0.2,1.5,0.3,89.3,0.6,8.1,18900
"Cullman, AL Micro Area",0.0,1.5,0.2,94.8,0.2,3.4,18980
"Cumberland, MD-WV Micro Area",0.1,2.4,0.7,87.3,0.6,8.9,19060
"Dallas-Fort Worth-Arlington, TX Metro Area",0.1,1.2,0.8,80.6,1.3,15.9,19100
"Dalton, GA Metro Area",0.0,0.4,0.2,93.7,1.1,4.6,19140
"Danville, IL Micro Area",0.0,2.2,0.6,89.1,0.6,7.5,19180
"Danville, KY Micro Area",0.0,3.1,0.2,87.4,0.4,8.9,19220
"Danville, VA Micro Area",0.1,1.3,0.9,90.5,1.3,6.0,19260
"Daphne-Fairhope-Foley, AL Metro Area",0.2,1.2,0.1,87.2,1.4,10.0,19300
"Davenport-Moline-Rock Island, IA-IL Metro Area",0.1,2.4,0.9,87.3,0.9,8.4,19340
"Dayton-Kettering-Beavercreek, OH Metro Area",0.3,2.2,1.1,85.1,0.8,10.5,19430
"Decatur, AL Metro Area",0.0,0.8,0.1,93.1,0.8,5.1,19460
"Decatur, IL Metro Area",0.1,1.8,0.8,88.8,0.9,7.5,19500
"Decatur, IN Micro Area",0.3,3.0,0.9,89.9,0.4,5.5,19540
"Defiance, OH Micro Area",0.2,1.7,0.0,91.6,0.6,6.0,19580
"Del Rio, TX Micro Area",0.5,1.6,0.1,92.3,1.9,3.6,19620
"Deltona-Daytona Beach-Ormond Beach, FL Metro Area",0.4,1.0,0.4,83.0,1.7,13.5,19660
"Deming, NM Micro Area",0.2,1.7,0.4,91.9,0.3,5.5,19700
"Denver-Aurora-Centennial, CO Metro Area",0.7,2.0,2.6,72.3,1.2,21.2,19740
"DeRidder, LA Micro Area",0.0,0.8,0.2,94.1,1.6,3.3,19760
"Des Moines-West Des Moines, IA Metro Area",0.2,1.6,0.5,82.2,1.2,14.3,19780
"Detroit Lakes, MN Micro Area",0.2,3.5,0.7,84.4,0.8,10.3,19810
"Detroit-Warren-Dearborn, MI Metro Area",0.2,1.3,1.1,82.4,1.2,13.8,19820
"Dickinson, ND Micro Area",0.2,2.1,0.1,89.1,0.7,7.7,19860
"Dixon, IL Micro Area",0.2,1.2,0.8,91.5,1.0,5.3,19940
"Dodge City, KS Micro Area",0.1,0.9,0.0,95.7,1.2,2.1,19980
"Dothan, AL Metro Area",0.1,0.7,0.1,94.1,1.0,4.0,20020
"Douglas, GA Micro Area",0.1,2.5,0.1,90.9,3.3,3.1,20060
"Dover, DE Metro Area",0.3,2.2,1.1,87.6,1.1,7.6,20100
"Dublin, GA Micro Area",0.1,0.5,0.0,94.9,0.8,3.7,20140
"DuBois, PA Micro Area",0.2,3.0,0.1,88.1,1.4,7.2,20180
"Dubuque, IA Metro Area",0.2,2.5,1.0,84.6,0.7,11.0,20220
"Duluth, MN-WI Metro Area",0.5,3.4,1.3,84.6,0.9,9.3,20260
"Dumas, TX Micro Area",0.0,4.1,0.2,94.0,0.3,1.4,20300
"Duncan, OK Micro Area",0.4,1.2,0.1,92.4,1.1,4.8,20340
"Durango, CO Micro Area",2.2,4.4,0.4,74.2,0.8,17.9,20420
"Durant, OK Micro Area",0.3,2.1,0.0,88.9,1.0,7.7,20460
"Durham-Chapel Hill, NC Metro Area",0.7,2.5,2.2,72.5,1.5,20.6,20500
"Dyersburg, TN Micro Area",0.1,0.2,0.0,94.2,1.0,4.5,20540
"Eagle Pass, TX Metro Area",0.0,1.0,0.1,92.8,1.6,4.4,20580
"Easton, MD Micro Area",1.2,2.7,0.6,79.9,1.2,14.3,20660
"East Stroudsburg, PA Micro Area",0.1,1.3,3.3,84.1,1.4,9.9,20700
"Eau Claire, WI Metro Area",0.6,2.6,0.5,84.1,1.0,11.2,20740
"Edwards, CO Micro Area",0.5,2.9,4.5,79.5,1.2,11.3,20780
"Effingham, IL Micro Area",0.1,2.6,0.2,86.5,0.6,10.1,20820
"El Campo, TX Micro Area",0.3,2.0,0.1,90.1,1.9,5.6,20900
"El Centro, CA Metro Area",0.3,2.8,0.5,88.1,1.9,6.5,20940
"El Dorado, AR Micro Area",0.0,1.6,0.1,91.8,0.4,6.1,20980
"Elizabeth City, NC Micro Area",0.0,2.5,0.0,87.2,1.9,8.5,21020
"Elizabethtown, KY Metro Area",0.2,2.3,0.2,87.9,1.6,7.8,21060
"Elk City, OK Micro Area",0.0,4.0,1.2,88.9,1.8,4.0,21120
"Elkhart-Goshen, IN Metro Area",1.3,2.1,0.3,90.7,0.8,4.8,21140
"Elkins, WV Micro Area",0.1,2.3,0.0,85.1,5.5,7.0,21180
"Elko, NV Micro Area",0.1,3.7,10.5,78.8,1.1,5.8,21220
"Ellensburg, WA Micro Area",0.9,5.8,0.4,78.3,1.3,13.2,21260
"Elmira, NY Metro Area",0.3,2.5,1.5,87.1,1.6,7.1,21300
"El Paso, TX Metro Area",0.1,1.5,0.9,87.7,2.0,7.8,21340
"Emporia, KS Micro Area",0.3,4.5,0.2,87.7,0.7,6.6,21380
"Enid, OK Metro Area",0.4,1.2,0.1,93.5,0.6,4.2,21420
"Enterprise, AL Micro Area",0.3,0.4,0.1,93.8,1.5,4.1,21460
"Erie, PA Metro Area",0.4,3.2,1.1,85.7,1.5,8.2,21500
"Escanaba, MI Micro Area",0.6,2.3,0.5,90.3,0.7,5.5,21540
"Española, NM Micro Area",0.0,2.5,0.7,86.1,1.3,9.3,21580
"Eufaula, AL-GA Micro Area",0.1,1.3,0.2,92.3,0.5,5.5,21640
"Eugene-Springfield, OR Metro Area",2.8,4.1,1.9,76.3,1.1,13.9,21660
"Eureka-Arcata, CA Micro Area",1.0,5.3,0.8,79.5,1.5,11.9,21700
"Evanston, WY-UT Micro Area",0.0,3.0,1.0,87.9,0.7,7.5,21740
"Evansville, IN Metro Area",0.3,2.3,0.7,89.1,1.0,6.7,21780
"Fairbanks-College, AK Metro Area",0.8,5.5,0.9,84.9,1.5,6.4,21820
"Fairmont, MN Micro Area",0.1,4.1,0.1,86.6,1.3,7.8,21860
"Fairmont, WV Micro Area",0.0,2.8,0.5,86.1,1.3,9.3,21900
"Fallon, NV Micro Area",1.0,4.1,2.4,86.6,0.9,5.1,21980
"Fargo, ND-MN Metro Area",0.3,2.8,0.8,85.3,1.5,9.3,22020
"Faribault-Northfield, MN Micro Area",0.6,6.7,0.4,78.3,1.3,12.8,22060
"Farmington, MO Micro Area",0.0,1.6,0.2,89.4,2.3,6.5,22100
"Farmington, NM Metro Area",0.1,2.5,0.2,91.4,0.3,5.6,22140
"Fayetteville, NC Metro Area",0.1,4.5,0.5,87.1,1.4,6.5,22180
"Fayetteville, TN Micro Area",0.0,1.0,0.5,91.4,0.8,6.3,22190
"Fayetteville-Springdale-Rogers, AR Metro Area",0.3,1.3,0.3,85.0,0.7,12.4,22220
"Fergus Falls, MN Micro Area",0.5,3.1,0.7,83.4,1.3,10.9,22260
"Findlay, OH Micro Area",0.4,2.1,0.1,88.2,0.8,8.5,22300
"Fitzgerald, GA Micro Area",0.0,0.6,0.7,92.4,2.5,3.8,22340
"Flagstaff, AZ Metro Area",1.5,7.4,1.9,76.7,0.9,11.6,22380
"Flint, MI Metro Area",0.1,1.0,1.1,87.9,0.7,9.2,22420
"Florence, SC Metro Area",0.1,0.9,0.1,90.1,1.8,7.1,22500
"Florence-Muscle Shoals, AL Metro Area",0.0,1.1,0.1,91.3,1.0,6.6,22520
"Fond du Lac, WI Metro Area",0.4,2.3,0.1,87.9,1.0,8.2,22540
"Forest City, NC Micro Area",0.1,1.3,0.1,90.2,1.5,6.7,22580
"Forrest City, AR Micro Area",0.0,1.5,0.1,94.2,1.2,3.0,22620
"Fort Collins-Loveland, CO Metro Area",2.4,2.8,0.9,74.0,1.0,18.9,22660
"Fort Dodge, IA Micro Area",0.2,3.0,0.2,90.6,1.9,4.0,22700
"Fort Leonard Wood, MO Micro Area",0.3,18.5,0.2,72.3,0.9,7.8,22780
"Fort Madison, IA Micro Area",0.7,1.8,0.2,90.6,1.1,5.6,22800
"Fort Morgan, CO Micro Area",0.8,3.1,0.0,88.8,0.4,6.9,22820
"Fort Payne, AL Micro Area",0.0,1.1,0.1,94.5,0.6,3.8,22840
"Fort Smith, AR-OK Metro Area",0.1,1.3,0.2,91.1,1.2,6.1,22900
"Fort Wayne, IN Metro Area",0.3,1.2,0.7,88.9,0.7,8.1,23060
"Frankfort, IN Micro Area",0.1,1.5,0.1,91.9,0.8,5.7,23140
"Frankfort, KY Micro Area",0.0,1.3,0.8,85.1,0.8,12.0,23180
"Franklin, KY Micro Area",0.0,1.6,0.3,92.2,0.7,5.2,23190
"Fredericksburg, TX Micro Area",0.1,3.4,0.3,85.0,0.3,10.9,23240
"Freeport, IL Micro Area",0.1,2.6,0.7,85.2,1.1,10.2,23300
"Fremont, NE Micro Area",0.8,1.3,0.0,93.1,1.2,3.6,23340
"Fremont, OH Micro Area",0.3,2.0,0.1,92.9,1.3,3.4,23380
"Fresno, CA Metro Area",0.4,1.6,0.8,86.0,1.9,9.3,23420
"Gadsden, AL Metro Area",0.0,0.8,0.1,94.3,0.9,3.8,23460
"Gaffney, SC Micro Area",0.0,1.2,0.0,92.2,1.4,5.3,23500
"Gainesville, FL Metro Area",1.6,2.9,2.5,80.3,1.5,11.2,23540
"Gainesville, GA Metro Area",0.0,1.0,0.7,85.5,1.9,10.9,23580
"Gainesville, TX Micro Area",0.2,1.1,0.4,89.4,1.9,7.1,23620
"Galesburg, IL Micro Area",0.2,3.6,0.5,89.3,0.6,5.7,23660
"Gallipolis, OH Micro Area",0.0,1.9,0.5,90.6,0.6,6.4,23680
"Gallup, NM Micro Area",0.0,2.1,1.1,86.5,0.7,9.6,23700
"Garden City, KS Micro Area",0.1,0.8,0.3,95.3,0.4,3.1,23780
"Gardnerville Ranchos, NV-CA Micro Area",0.7,1.6,0.2,82.3,3.0,12.3,23820
"Gettysburg, PA Metro Area",0.4,4.0,0.2,84.8,0.7,9.8,23900
"Gillette, WY Micro Area",0.5,1.8,0.8,90.6,0.9,5.4,23940
"Glasgow, KY Micro Area",0.0,1.5,0.3,90.0,1.4,6.6,23980
"Glens Falls, NY Metro Area",0.2,2.6,0.5,87.1,1.4,8.3,24020
"Gloversville, NY Micro Area",0.1,2.9,0.3,89.3,1.0,6.4,24100
"Goldsboro, NC Metro Area",0.2,0.7,0.4,94.0,0.7,4.0,24140
"Granbury, TX Micro Area",0.0,0.8,0.0,85.6,0.8,12.8,24180
"Grand Forks, ND-MN Metro Area",0.3,4.0,0.9,87.8,1.4,5.6,24220
"Grand Island, NE Metro Area",0.1,1.3,0.3,92.7,1.4,4.2,24260
"Grand Junction, CO Metro Area",1.3,2.4,0.8,80.7,1.8,13.1,24300
"Grand Rapids, MN Micro Area",0.6,2.2,1.3,86.8,1.1,8.0,24330
"Grand Rapids-Wyoming-Kentwood, MI Metro Area",0.4,2.1,1.1,84.5,0.7,11.2,24340
"Grants Pass, OR Metro Area",0.4,2.1,0.5,84.4,1.4,11.2,24420
"Great Bend, KS Micro Area",0.2,2.8,0.1,87.9,0.6,8.5,24460
"Great Falls, MT Metro Area",0.7,2.3,0.7,88.2,1.1,7.0,24500
"Greeley, CO Metro Area",0.2,1.6,0.4,83.5,1.1,13.2,24540
"Green Bay, WI Metro Area",0.2,1.7,0.4,86.4,0.9,10.4,24580
"Greencastle, IN Micro Area",0.0,5.1,0.0,85.0,0.5,9.5,24600
"Greeneville, TN Micro Area",0.1,1.2,0.1,91.0,1.1,6.6,24620
"Greenfield, MA Micro Area",0.3,4.0,1.2,79.0,0.8,14.7,24640
"Greensboro-High Point, NC Metro Area",0.1,1.6,1.1,85.4,1.6,10.3,24660
"Greensburg, IN Micro Area",0.0,2.8,0.0,87.1,1.0,9.0,24700
"Greenville, MS Micro Area",0.1,1.8,0.8,93.3,0.8,3.2,24740
"Greenville, NC Metro Area",0.1,2.2,0.7,85.0,1.0,11.0,24780
"Greenville, OH Micro Area",0.1,2.0,0.2,91.0,1.3,5.6,24820
"Greenville-Anderson-Greer, SC Metro Area",0.2,1.4,0.3,86.3,1.5,10.3,24860
"Greenwood, MS Micro Area",0.0,1.8,0.1,91.2,2.0,4.9,24900
"Greenwood, SC Micro Area",0.1,1.1,0.0,93.4,1.5,3.9,24940
"Grenada, MS Micro Area",0.0,1.4,0.0,94.0,1.9,2.7,24980
"Guayama, PR Metro Area",0.0,3.5,0.4,93.0,0.7,2.5,25020
"Gulfport-Biloxi, MS Metro Area",0.1,2.1,0.1,90.2,1.3,6.3,25060
"Guymon, OK Micro Area",0.0,2.4,1.2,92.9,0.5,3.1,25100
"Hagerstown-Martinsburg, MD-WV Metro Area",0.1,1.2,0.7,86.6,1.2,10.2,25180
"Hailey, ID Micro Area",2.2,3.1,1.0,80.0,1.6,12.1,25200
"Hammond, LA Metro Area",0.2,1.5,0.2,90.3,1.6,6.3,25220
"Hanford-Corcoran, CA Metro Area",0.4,1.9,0.5,91.0,1.5,4.8,25260
"Hannibal, MO Micro Area",0.0,3.7,0.2,89.0,1.3,5.8,25300
"Harrisburg-Carlisle, PA Metro Area",0.3,3.0,0.8,79.7,1.3,14.9,25420
"Harrison, AR Micro Area",0.0,2.3,0.0,86.2,0.6,10.9,25460
"Harrisonburg, VA Metro Area",0.8,4.0,0.6,85.7,0.7,8.3,25500
"Hartford-West Hartford-East Hartford, CT Metro Area",0.2,1.9,2.4,79.1,1.2,15.2,25540
"Hastings, NE Micro Area",0.1,3.2,0.1,90.8,1.0,4.8,25580
"Hattiesburg, MS Metro Area",0.4,1.2,0.3,89.7,4.5,3.8,25620
"Hays, KS Micro Area",0.0,7.0,0.0,86.2,0.8,6.0,25700
"Heber, UT Micro Area",0.2,1.4,1.3,74.2,1.3,21.6,25720
"Helena, MT Metro Area",0.7,4.2,0.2,81.0,1.3,12.6,25740
"Hemlock Farms, PA Micro Area",0.2,1.0,2.3,82.3,1.5,12.7,25770
"Henderson, KY Micro Area",0.3,1.6,0.1,92.5,1.1,4.3,25775
"Henderson, NC Micro Area",0.0,1.4,0.1,88.8,0.6,9.2,25780
"Hereford, TX Micro Area",0.0,0.6,0.0,92.2,4.0,3.3,25820
"Hermiston-Pendleton, OR Micro Area",0.3,2.5,0.8,89.6,1.2,5.4,25840
"Hermitage, PA Micro Area",0.1,2.8,0.2,87.7,1.4,7.8,25850
"Hickory-Lenoir-Morganton, NC Metro Area",0.1,0.7,0.1,91.6,0.9,6.6,25860
"Hillsdale, MI Micro Area",0.5,4.6,0.2,85.8,1.0,7.9,25880
"Hilo-Kailua, HI Micro Area",0.3,1.9,0.8,84.4,1.8,10.9,25900
"Hilton Head Island-Bluffton-Port Royal, SC Metro Area",0.4,1.9,0.7,85.4,0.9,10.7,25940
"Hinesville, GA Metro Area",0.3,2.3,0.3,90.1,1.1,5.9,25980
"Hobbs, NM Micro Area",0.0,0.9,0.2,94.4,0.8,3.7,26020
"Holland, MI Micro Area",0.1,1.7,0.3,87.9,1.0,9.0,26090
"Homosassa Springs, FL Metro Area",0.4,0.9,0.2,84.8,1.7,12.1,26140
"Hood River, OR Micro Area",1.0,5.9,0.8,73.0,1.1,18.2,26220
"Hot Springs, AR Metro Area",0.0,1.6,0.2,90.7,1.2,6.2,26300
"Houghton, MI Micro Area",1.0,10.3,2.0,75.2,1.5,10.0,26340
"Houma-Bayou Cane-Thibodaux, LA Metro Area",0.0,1.8,0.4,91.5,2.5,3.8,26380
"Houston-Pasadena-The Woodlands, TX Metro Area",0.2,1.2,1.6,83.2,1.9,11.9,26420
"Hudson, NY Micro Area",0.7,3.3,2.9,74.8,2.6,15.7,26460
"Huntingdon, PA Micro Area",0.0,5.0,0.1,86.8,1.6,6.6,26500
"Huntington, IN Micro Area",0.4,3.0,0.1,89.4,0.8,6.4,26540
"Huntington-Ashland, WV-KY-OH Metro Area",0.2,2.4,0.3,90.1,1.0,6.0,26580
"Huntsville, AL Metro Area",0.0,0.8,0.2,85.2,1.1,12.7,26620
"Huntsville, TX Micro Area",1.0,3.7,0.1,86.6,1.3,7.2,26660
"Huron, SD Micro Area",0.2,3.7,0.2,87.5,3.0,5.4,26700
"Hutchinson, KS Micro Area",0.6,1.2,0.1,91.0,1.3,5.8,26740
"Hutchinson, MN Micro Area",0.8,2.9,0.5,87.1,1.2,7.7,26780
"Idaho Falls, ID Metro Area",0.5,1.5,2.3,85.7,1.2,8.9,26820
"Indiana, PA Micro Area",0.3,6.4,0.4,84.3,1.2,7.4,26860
"Indianapolis-Carmel-Greenwood, IN Metro Area",0.3,1.3,0.7,82.9,0.9,14.0,26900
"Iowa City, IA Metro Area",1.7,7.3,3.7,74.2,1.1,12.1,26980
"Iron Mountain, MI-WI Micro Area",0.1,2.4,0.4,88.0,1.0,8.2,27020
"Ithaca, NY Metro Area",1.5,10.4,5.4,62.4,1.4,19.0,27060
"Jackson, MI Metro Area",0.2,2.0,0.3,87.8,0.7,9.0,27100
"Jackson, MS Metro Area",0.1,1.2,0.4,90.8,0.8,6.8,27140
"Jackson, TN Metro Area",0.0,1.2,0.3,88.5,2.6,7.3,27180
"Jackson, WY-ID Micro Area",2.5,7.3,1.9,73.3,0.6,14.3,27220
"Jacksonville, FL Metro Area",0.4,1.1,0.8,80.4,1.8,15.6,27260
"Jacksonville, IL Micro Area",0.1,1.4,1.0,88.2,0.3,8.9,27300
"Jacksonville, NC Metro Area",0.1,7.5,0.1,79.1,2.3,10.9,27340
"Jacksonville, TX Micro Area",0.0,1.4,0.1,87.1,0.8,10.6,27380
"Jamestown, ND Micro Area",0.0,3.4,0.1,89.8,0.8,5.8,27420
"Jamestown-Dunkirk, NY Micro Area",0.4,3.9,0.5,86.6,1.6,7.0,27460
"Janesville-Beloit, WI Metro Area",0.2,1.8,0.5,88.5,1.0,8.2,27500
"Jasper, IN Micro Area",0.1,1.4,0.0,92.7,0.9,4.8,27540
"Jefferson, GA Micro Area",0.1,0.4,0.5,86.3,1.5,11.1,27600
"Jefferson City, MO Metro Area",0.1,1.7,0.5,88.5,1.4,7.8,27620
"Jesup, GA Micro Area",0.1,0.9,1.0,91.4,2.0,4.6,27700
"Johnson City, TN Metro Area",0.0,1.4,0.3,87.8,1.3,9.3,27740
"Johnstown, PA Metro Area",0.1,2.7,0.9,86.2,0.9,9.2,27780
"Jonesboro, AR Metro Area",0.0,1.6,0.1,92.3,0.6,5.4,27860
"Joplin, MO-KS Metro Area",0.1,1.3,0.1,89.9,1.1,7.5,27900
"Juneau, AK Micro Area",0.5,6.3,2.4,76.9,1.5,12.4,27940
"Kahului-Wailuku, HI Metro Area",0.6,2.3,1.3,84.3,2.1,9.4,27980
"Kalamazoo-Portage, MI Metro Area",0.2,2.5,1.1,84.4,0.6,11.3,28020
"Kalispell, MT Micro Area",0.6,2.9,0.1,80.2,1.5,14.7,28060
"Kankakee, IL Metro Area",0.2,2.9,1.1,86.9,1.6,7.2,28100
"Kansas City, MO-KS Metro Area",0.1,1.1,0.6,81.9,1.1,15.2,28140
"Kapaa, HI Micro Area",0.2,2.6,1.0,87.4,0.9,7.9,28180
"Kearney, NE Micro Area",0.2,1.8,0.2,92.2,0.8,4.8,28260
"Keene, NH Micro Area",0.5,2.7,0.1,84.6,0.7,11.3,28300
"Kendallville, IN Micro Area",0.5,1.5,0.2,91.4,1.5,4.9,28340
"Kennett, MO Micro Area",0.8,1.4,0.1,93.3,0.8,3.6,28380
"Kennewick-Richland, WA Metro Area",0.2,1.1,0.8,86.8,0.9,10.2,28420
"Kenosha, WI Metro Area",0.2,1.6,0.7,86.8,1.4,9.3,28450
"Kerrville, TX Micro Area",1.1,2.7,0.1,85.0,1.2,9.8,28500
"Ketchikan, AK Micro Area",0.0,6.9,2.9,82.2,3.3,4.7,28540
"Key West-Key Largo, FL Micro Area",5.5,4.8,0.3,73.5,4.6,11.2,28580
"Kill Devil Hills, NC Micro Area",1.0,2.1,0.0,81.8,0.8,14.3,28620
"Killeen-Temple, TX Metro Area",0.1,2.9,0.3,86.6,1.3,8.8,28660
"Kingsland, GA Micro Area",0.5,3.9,0.8,84.0,0.6,10.3,28680
"Kingsport-Bristol, TN-VA Metro Area",0.0,1.4,0.1,88.4,1.3,8.8,28700
"Kingston, NY Metro Area",0.4,3.0,2.1,77.7,1.4,15.4,28740
"Kingsville, TX Micro Area",0.8,3.8,0.1,88.0,1.6,5.7,28780
"Kinston, NC Micro Area",0.0,1.2,0.5,94.7,0.7,2.9,28820
"Kirksville, MO Micro Area",0.1,3.8,0.1,87.2,1.3,7.5,28860
"Kiryas Joel-Poughkeepsie-Newburgh, NY Metro Area",0.2,3.4,4.1,78.1,1.7,12.6,28880
"Klamath Falls, OR Micro Area",0.4,2.8,0.2,87.5,0.8,8.3,28900
"Knoxville, TN Metro Area",0.1,1.3,0.3,85.8,0.8,11.6,28940
"Kokomo, IN Metro Area",0.1,1.5,0.2,91.0,1.0,6.2,29020
"Laconia, NH Micro Area",0.2,1.4,0.3,85.8,0.9,11.5,29060
"La Crosse-Onalaska, WI-MN Metro Area",0.8,3.7,0.8,83.0,1.1,10.6,29100
"Lafayette, LA Metro Area",0.3,1.8,0.4,88.7,1.1,7.7,29180
"Lafayette-West Lafayette, IN Metro Area",0.7,5.3,2.1,82.1,0.6,9.2,29200
"La Grande, OR Micro Area",0.9,5.6,0.3,84.3,2.0,6.8,29260
"LaGrange, GA-AL Micro Area",0.1,1.7,0.2,91.0,1.4,5.7,29300
"Lake Charles, LA Metro Area",0.2,1.6,0.2,92.1,1.1,4.8,29340
"Lake City, FL Micro Area",0.2,0.4,0.1,90.5,1.7,7.1,29380
"Lake Havasu City-Kingman, AZ Metro Area",0.3,1.1,0.4,87.5,2.7,8.0,29420
"Lakeland-Winter Haven, FL Metro Area",0.4,0.9,0.3,85.7,1.8,10.8,29460
"Lake of the Woods, VA Micro Area",0.0,1.3,0.2,84.7,0.6,13.1,29470
"Lancaster, PA Metro Area",0.7,3.5,0.8,83.3,1.4,10.3,29540
"Lansing-East Lansing, MI Metro Area",0.7,3.2,1.7,78.6,1.1,14.7,29620
"Laramie, WY Micro Area",4.0,8.8,1.9,75.4,1.0,8.9,29660
"Laredo, TX Metro Area",0.1,1.5,0.8,90.7,1.6,5.4,29700
"Lares, PR Micro Area",0.0,3.4,0.3,95.1,0.1,1.1,29720
"Las Cruces, NM Metro Area",0.9,1.8,0.3,86.5,1.6,9.0,29740
"Las Vegas, NM Micro Area",0.3,4.0,0.0,81.1,1.9,12.6,29780
"Las Vegas-Henderson-North Las Vegas, NV Metro Area",0.2,1.2,2.4,83.0,2.6,10.7,29820
"Laurel, MS Micro Area",0.0,1.0,0.5,94.3,1.3,2.9,29860
"Laurinburg, NC Micro Area",0.1,1.1,0.1,93.1,1.2,4.4,29900
"Lawrence, KS Metro Area",0.9,4.1,2.6,77.2,1.1,14.1,29940
"Lawrenceburg, TN Micro Area",0.0,0.8,0.1,91.3,0.7,7.1,29980
"Lawton, OK Metro Area",0.3,1.9,0.4,85.2,1.8,10.4,30020
"Lebanon, MO Micro Area",0.4,1.7,0.2,91.7,2.1,3.9,30060
"Lebanon, PA Metro Area",0.2,3.1,0.6,84.8,1.2,10.1,30140
"Lebanon-Claremont, NH-VT Micro Area",0.4,3.8,0.5,80.1,1.2,13.9,30150
"Le Mars, IA Micro Area",0.1,2.2,0.4,88.0,0.7,8.6,30180
"Lewisburg, PA Micro Area",1.9,9.7,0.3,79.6,1.0,7.5,30260
"Lewisburg, TN Micro Area",0.0,1.0,0.0,85.5,0.5,12.9,30280
"Lewiston, ID-WA Metro Area",0.2,2.4,0.3,88.1,0.5,8.5,30300
"Lewiston-Auburn, ME Metro Area",0.1,3.1,0.4,83.3,1.1,12.1,30340
"Lewistown, PA Micro Area",0.1,1.5,0.2,91.7,0.9,5.5,30380
"Lexington, NE Micro Area",0.4,1.6,0.7,93.1,2.3,2.0,30420
"Lexington-Fayette, KY Metro Area",0.4,2.5,0.9,84.7,0.8,10.7,30460
"Lexington Park, MD Metro Area",0.1,1.7,1.3,80.2,0.9,15.8,30500
"Liberal, KS Micro Area",0.0,1.9,0.0,93.5,1.5,3.0,30580
"Lima, OH Metro Area",0.3,1.4,0.5,92.0,1.2,4.6,30620
"Lincoln, IL Micro Area",0.0,2.9,0.5,88.5,0.8,7.3,30660
"Lincoln, NE Metro Area",0.8,3.0,0.8,84.7,0.7,9.9,30700
"Little Rock-North Little Rock-Conway, AR Metro Area",0.1,1.2,0.5,88.1,1.0,9.1,30780
"Lock Haven, PA Micro Area",0.1,4.3,0.4,86.3,1.3,7.5,30820
"Logan, UT-ID Metro Area",1.3,3.8,1.9,79.2,1.0,12.7,30860
"Logansport, IN Micro Area",0.3,1.2,0.2,94.0,0.9,3.4,30900
"Longview, TX Metro Area",0.2,1.1,0.1,91.9,0.9,5.8,30980
"Longview-Kelso, WA Metro Area",0.3,1.0,0.5,89.8,1.1,7.3,31020
"Los Alamos, NM Micro Area",1.1,2.1,1.7,79.8,1.1,14.2,31060
"Los Angeles-Long Beach-Anaheim, CA Metro Area",0.6,2.3,3.5,76.3,1.8,15.5,31080
"Louisville/Jefferson County, KY-IN Metro Area",0.2,1.5,1.2,84.4,1.2,11.6,31140
"Lubbock, TX Metro Area",0.4,2.0,0.5,89.6,1.0,6.4,31180
"Ludington, MI Micro Area",0.2,2.1,0.4,87.3,0.8,9.2,31220
"Lufkin, TX Micro Area",0.1,1.2,0.1,92.0,1.2,5.4,31260
"Lumberton, NC Micro Area",0.1,1.2,0.4,93.4,1.2,3.8,31300
"Lynchburg, VA Metro Area",0.0,2.2,0.7,85.2,1.5,10.4,31340
"Macomb, IL Micro Area",0.7,5.4,0.5,86.0,0.9,6.5,31380
"Macon-Bibb County, GA Metro Area",0.1,1.6,0.6,88.3,1.4,8.0,31420
"Madison, IN Micro Area",0.1,2.5,0.0,91.3,1.2,4.9,31500
"Madison, WI Metro Area",1.6,4.8,2.6,73.3,1.0,16.7,31540
"Madisonville, KY Micro Area",0.0,0.8,0.0,95.1,0.3,3.7,31580
"Magnolia, AR Micro Area",0.4,3.6,0.6,90.1,1.2,4.0,31620
"Malvern, AR Micro Area",0.0,1.9,0.3,93.2,1.9,2.6,31680
"Manchester-Nashua, NH Metro Area",0.2,1.7,0.6,80.3,1.1,16.1,31700
"Manhattan, KS Metro Area",0.6,9.5,0.3,79.9,1.0,8.7,31740
"Manitowoc, WI Micro Area",0.3,3.4,0.5,87.8,0.7,7.3,31820
"Mankato, MN Metro Area",0.4,4.0,1.3,82.9,1.1,10.2,31860
"Mansfield, OH Metro Area",0.3,1.2,0.5,92.0,0.9,5.1,31900
"Marietta, OH Micro Area",0.2,2.2,0.5,88.5,0.5,8.0,31930
"Marinette, WI-MI Micro Area",0.7,3.1,0.2,87.8,1.5,6.9,31940
"Marion, IN Micro Area",0.5,5.9,0.2,85.4,0.8,7.2,31980
"Marion, NC Micro Area",0.0,1.3,0.0,92.6,0.8,5.3,32000
"Marion, OH Micro Area",0.0,0.9,0.6,91.6,1.1,5.9,32020
"Marion-Herrin, IL Micro Area",0.2,0.8,0.3,89.1,0.9,8.6,32060
"Marquette, MI Micro Area",0.8,5.0,0.4,86.5,0.5,6.7,32100
"Marshall, MN Micro Area",0.6,4.1,0.1,82.6,2.2,10.4,32140
"Marshall, MO Micro Area",0.1,4.3,0.0,89.0,1.2,5.3,32180
"Marshalltown, IA Micro Area",0.2,2.9,0.0,89.4,0.5,7.0,32260
"Martin, TN Micro Area",0.2,2.8,0.3,86.1,3.8,6.8,32280
"Martinsville, VA Micro Area",0.0,0.6,0.2,90.6,1.6,7.1,32300
"Maryville, MO Micro Area",0.0,1.9,0.0,92.1,0.5,5.5,32340
"Mason City, IA Micro Area",0.3,2.2,0.5,87.5,1.2,8.3,32380
"Massena-Ogdensburg, NY Micro Area",0.2,6.7,0.3,84.2,1.5,7.1,32390
"Mayagüez, PR Metro Area",0.1,2.7,0.7,92.1,0.4,4.1,32420
"Mayfield, KY Micro Area",0.0,1.4,0.1,89.7,1.5,7.4,32460
"McAlester, OK Micro Area",0.1,1.6,0.2,90.1,0.6,7.5,32540
"McAllen-Edinburg-Mission, TX Metro Area",0.1,1.2,0.2,86.2,3.7,8.6,32580
"McComb, MS Micro Area",0.1,1.1,0.4,92.0,2.9,3.6,32620
"McMinnville, TN Micro Area",0.0,1.4,0.0,92.4,0.5,5.6,32660
"McPherson, KS Micro Area",0.7,4.1,0.0,87.9,0.7,6.6,32700
"Meadville, PA Micro Area",0.3,5.5,0.5,85.6,1.0,7.0,32740
"Medford, OR Metro Area",0.8,2.7,0.8,82.1,1.4,12.2,32780
"Memphis, TN-MS-AR Metro Area",0.1,1.0,0.4,88.7,1.1,8.6,32820
"Menomonie, WI Micro Area",0.2,5.5,0.2,84.5,0.7,8.8,32860
"Merced, CA Metro Area",0.3,2.4,0.4,86.8,3.6,6.4,32900
"Meridian, MS Micro Area",0.0,1.6,0.1,90.7,3.3,4.2,32940
"Mexico, MO Micro Area",0.0,2.7,0.0,92.8,1.2,3.2,33020
"Miami, OK Micro Area",0.1,1.9,0.1,93.1,0.8,4.1,33060
"Miami-Fort Lauderdale-West Palm Beach, FL Metro Area",0.4,1.6,2.4,80.4,2.2,12.9,33100
"Michigan City-La Porte, IN Metro Area",0.2,1.3,0.9,90.8,0.6,6.4,33140
"Middlesborough, KY Micro Area",0.4,4.4,0.0,91.5,0.3,3.4,33180
"Midland, MI Metro Area",0.3,1.1,0.4,86.6,0.7,10.9,33220
"Midland, TX Metro Area",0.2,1.1,0.3,91.8,1.3,5.2,33260
"Milledgeville, GA Micro Area",0.0,0.7,0.2,90.8,1.7,6.6,33300
"Milwaukee-Waukesha, WI Metro Area",0.3,2.2,2.2,80.9,0.9,13.5,33340
"Minden, LA Micro Area",0.1,1.3,0.5,90.1,1.2,6.9,33380
"Mineral Wells, TX Micro Area",0.1,0.8,0.3,89.9,2.1,6.8,33420
"Minneapolis-St. Paul-Bloomington, MN-WI Metro Area",0.5,2.0,2.6,74.8,1.1,19.0,33460
"Minot, ND Metro Area",0.4,1.9,0.1,90.2,1.2,6.2,33500
"Missoula, MT Metro Area",3.1,3.3,1.5,78.3,0.9,12.9,33540
"Mitchell, SD Micro Area",0.4,3.5,0.7,84.4,1.3,9.8,33580
"Moberly, MO Micro Area",0.0,0.8,0.3,90.6,1.9,6.4,33620
"Mobile, AL Metro Area",0.1,1.0,0.4,90.2,0.9,7.5,33660
"Modesto, CA Metro Area",0.4,1.4,0.7,89.6,1.0,6.9,33700
"Monroe, LA Metro Area",0.1,1.7,0.7,90.2,1.0,6.3,33740
"Monroe, MI Metro Area",0.1,1.3,0.2,89.3,0.9,8.2,33780
"Montgomery, AL Metro Area",0.1,1.1,0.3,90.7,0.8,7.1,33860
"Monticello, IN Micro Area",0.0,1.6,0.3,91.6,0.3,6.2,33900
"Monticello, NY Micro Area",0.6,2.8,1.2,82.4,1.3,11.8,33910
"Montrose, CO Micro Area",0.5,2.9,0.1,84.7,1.2,10.5,33940
"Morehead City, NC Micro Area",0.3,1.0,0.3,86.9,1.2,10.3,33980
"Morgan City, LA Micro Area",0.5,1.3,0.0,92.2,0.7,5.2,34020
"Morgantown, WV Metro Area",0.1,4.4,1.1,82.4,1.1,10.8,34060
"Morristown, TN Metro Area",0.2,1.1,0.2,92.7,1.0,4.8,34100
"Moscow, ID Micro Area",0.7,13.1,0.2,74.6,1.5,9.9,34140
"Moses Lake, WA Micro Area",0.2,1.8,1.5,86.2,1.1,9.2,34180
"Moultrie, GA Micro Area",0.0,1.5,3.0,89.6,0.4,5.4,34220
"Mountain Home, AR Micro Area",0.0,1.7,0.0,90.7,1.5,6.1,34260
"Mountain Home, ID Micro Area",0.0,3.4,0.1,91.7,1.6,3.2,34300
"Mount Airy, NC Micro Area",0.1,0.9,0.1,93.0,0.4,5.5,34340
"Mount Pleasant, MI Micro Area",0.7,6.6,0.5,85.3,0.5,6.4,34380
"Mount Pleasant, TX Micro Area",0.1,1.4,0.0,92.2,1.8,4.4,34420
"Mount Sterling, KY Micro Area",0.0,0.8,0.0,91.8,0.7,6.5,34460
"Mount Vernon, IL Micro Area",0.0,1.1,0.3,92.6,1.3,4.8,34500
"Mount Vernon, OH Micro Area",0.1,3.7,0.4,83.1,1.3,11.4,34540
"Mount Vernon-Anacortes, WA Metro Area",0.3,2.1,0.6,85.4,0.8,10.8,34580
"Muncie, IN Metro Area",0.6,3.7,1.1,88.0,0.7,6.0,34620
"Murray, KY Micro Area",0.3,7.4,0.1,86.1,0.9,5.3,34660
"Murrells Inlet, SC Micro Area",0.1,1.7,0.3,86.3,2.1,9.6,34680
"Muscatine, IA Micro Area",0.0,2.4,0.4,90.7,0.6,5.9,34700
"Muskegon-Norton Shores, MI Metro Area",0.2,1.2,0.1,91.7,0.8,6.0,34740
"Muskogee, OK Micro Area",0.1,1.2,0.5,90.0,1.4,6.7,34780
"Myrtle Beach-Conway-North Myrtle Beach, SC Metro Area",0.2,0.9,0.5,86.3,2.1,9.9,34820
"Nacogdoches, TX Micro Area",0.2,4.0,0.3,85.9,2.7,6.8,34860
"Nantucket, MA Micro Area",2.7,5.9,0.8,77.5,1.2,11.8,34880
"Napa, CA Metro Area",0.8,3.4,1.2,80.8,1.2,12.5,34900
"Naples-Marco Island, FL Metro Area",0.5,1.0,0.6,81.8,1.9,14.3,34940
"Nashville-Davidson--Murfreesboro--Franklin, TN Metro Area",0.1,1.1,0.7,80.5,1.2,16.3,34980
"Natchez, MS-LA Micro Area",0.0,1.3,0.3,93.9,1.3,3.3,35020
"Natchitoches, LA Micro Area",0.4,2.4,0.2,92.3,1.2,3.5,35060
"New Bern, NC Micro Area",0.1,1.6,0.2,89.1,2.1,6.8,35100
"Newberry, SC Micro Area",0.2,1.8,0.0,91.9,2.0,4.1,35140
"New Castle, IN Micro Area",0.4,1.4,0.3,89.5,0.4,8.1,35220
"New Haven, CT Metro Area",0.5,4.1,3.1,78.4,1.1,12.7,35300
"New Iberia, LA Micro Area",0.0,1.8,0.3,89.6,2.3,6.0,35340
"New Orleans-Metairie, LA Metro Area",0.9,3.1,2.1,82.7,1.7,9.6,35380
"New Philadelphia-Dover, OH Micro Area",1.0,1.9,0.0,88.2,1.8,7.1,35420
"Newport, OR Micro Area",0.2,3.5,0.5,81.5,0.6,13.5,35440
"Newport, TN Micro Area",0.0,1.3,0.0,91.8,2.0,4.9,35460
"New Ulm, MN Micro Area",0.2,4.1,0.6,87.0,0.4,7.6,35580
"New York-Newark-Jersey City, NY-NJ Metro Area",0.8,5.4,25.1,51.6,2.2,14.9,35620
"Niles, MI Metro Area",0.2,2.7,0.3,85.6,1.0,10.2,35660
"Nogales, AZ Micro Area",0.5,1.3,0.7,89.5,1.7,6.3,35700
"Norfolk, NE Micro Area",0.2,2.3,0.2,89.8,1.0,6.5,35740
"North Platte, NE Micro Area",0.7,2.6,0.9,91.2,0.8,3.9,35820
"North Port-Bradenton-Sarasota, FL Metro Area",0.5,1.2,0.5,81.1,1.6,15.1,35840
"North Wilkesboro, NC Micro Area",0.0,1.1,0.2,90.3,0.3,8.1,35900
"Norwalk, OH Micro Area",0.2,1.7,0.3,91.8,1.0,4.9,35940
"Norwich-New London-Willimantic, CT Metro Area",0.2,2.8,1.3,83.9,1.2,10.6,35980
"Oak Harbor, WA Micro Area",0.4,3.3,1.9,79.6,1.0,13.8,36020
"Ocala, FL Metro Area",0.3,0.6,0.1,87.7,1.1,10.1,36100
"Ocean Pines, MD Micro Area",1.0,2.4,0.6,83.6,1.0,11.5,36180
"Odessa, TX Metro Area",0.1,1.0,0.2,93.7,1.3,3.6,36220
"Ogden, UT Metro Area",0.3,1.1,1.2,81.3,0.8,15.3,36260
"Oil City, PA Micro Area",0.0,2.3,0.4,88.2,0.6,8.5,36340
"Okeechobee, FL Micro Area",0.9,2.0,0.8,86.7,2.7,6.8,36380
"Oklahoma City, OK Metro Area",0.2,1.6,0.3,87.1,1.3,9.5,36420
"Olean, NY Micro Area",0.3,4.9,0.4,85.4,1.4,7.6,36460
"Olympia-Lacey-Tumwater, WA Metro Area",0.5,2.2,1.4,77.4,1.4,17.3,36500
"Omaha, NE-IA Metro Area",0.1,1.5,0.7,83.6,1.1,13.0,36540
"Oneonta, NY Micro Area",0.2,7.2,0.8,81.6,0.7,9.5,36580
"Ontario, OR-ID Micro Area",0.3,3.6,0.1,88.1,1.1,6.8,36620
"Opelousas, LA Micro Area",0.2,2.3,0.4,89.4,1.9,5.9,36660
"Orangeburg, SC Micro Area",0.1,1.1,0.1,90.8,1.4,6.6,36700
"Orlando-Kissimmee-Sanford, FL Metro Area",0.3,1.2,1.1,80.0,1.8,15.6,36740
"Oshkosh-Neenah, WI Metro Area",0.7,2.2,0.6,85.4,0.7,10.4,36780
"Oskaloosa, IA Micro Area",0.0,3.7,0.1,89.6,0.3,6.3,36820
"Othello, WA Micro Area",0.1,3.1,0.5,89.5,2.1,4.7,36830
"Ottawa, IL Micro Area",0.4,1.9,0.1,92.0,1.0,4.6,36837
"Ottawa, KS Micro Area",0.0,2.0,0.1,85.9,2.7,9.3,36840
"Ottumwa, IA Micro Area",0.0,1.7,0.4,91.7,1.7,4.6,36900
"Owatonna, MN Micro Area",0.3,2.9,1.1,86.2,0.9,8.6,36940
"Owensboro, KY Metro Area",0.3,1.5,0.2,92.0,0.7,5.3,36980
"Owosso, MI Micro Area",0.3,1.7,0.2,89.6,0.8,7.5,37020
"Oxford, MS Micro Area",0.1,2.6,1.0,89.5,0.6,6.2,37060
"Oxnard-Thousand Oaks-Ventura, CA Metro Area",0.4,1.6,0.7,82.1,1.0,14.1,37100
"Ozark, AL Micro Area",0.3,2.8,0.3,91.5,1.3,3.9,37120
"Paducah, KY-IL Metro Area",0.2,1.4,0.6,90.3,1.1,6.4,37140
"Pahrump, NV Micro Area",0.0,1.9,1.0,83.4,3.8,9.9,37220
"Palatka, FL Micro Area",0.4,1.4,0.2,87.4,1.0,9.6,37260
"Palestine, TX Micro Area",0.1,1.0,1.0,91.7,1.4,4.8,37300
"Palm Bay-Melbourne-Titusville, FL Metro Area",0.5,1.0,0.6,83.3,1.3,13.2,37340
"Pampa, TX Micro Area",0.0,0.8,0.0,93.5,2.1,3.6,37420
"Panama City-Panama City Beach, FL Metro Area",0.3,1.1,0.5,88.3,1.1,8.6,37460
"Paragould, AR Micro Area",0.0,2.0,0.2,93.2,1.2,3.5,37500
"Paris, TN Micro Area",0.0,0.6,0.4,89.7,4.4,5.0,37540
"Paris, TX Micro Area",0.1,2.6,0.1,87.3,1.8,8.1,37580
"Parkersburg-Vienna, WV Metro Area",0.2,1.9,0.6,87.7,0.8,8.7,37620
"Payson, AZ Micro Area",0.3,2.2,0.1,85.2,1.2,11.0,37740
"Pella, IA Micro Area",0.3,3.7,0.2,84.9,1.1,9.7,37800
"Pensacola-Ferry Pass-Brent, FL Metro Area",0.4,3.1,0.5,81.6,1.8,12.6,37860
"Peoria, IL Metro Area",0.2,1.7,0.7,86.8,0.7,9.8,37900
"Peru, IN Micro Area",0.4,2.0,0.4,92.1,0.7,4.5,37940
"Petoskey, MI Micro Area",0.7,4.5,0.4,83.6,1.4,9.3,37950
"Philadelphia-Camden-Wilmington, PA-NJ-DE-MD Metro Area",0.6,3.2,6.5,71.4,1.4,16.8,37980
"Phoenix-Mesa-Chandler, AZ Metro Area",0.5,1.4,1.2,76.6,1.8,18.5,38060
"Picayune, MS Micro Area",0.0,1.4,0.0,88.6,2.5,7.5,38100
"Pierre, SD Micro Area",0.4,2.7,0.8,90.8,0.4,4.9,38180
"Pikeville, KY Micro Area",0.0,1.7,0.1,93.3,0.9,3.9,38210
"Pine Bluff, AR Micro Area",0.0,1.0,0.7,91.4,0.4,6.5,38220
"Pinehurst-Southern Pines, NC Metro Area",0.1,0.8,0.2,83.0,4.4,11.4,38240
"Pittsburg, KS Micro Area",0.6,2.6,0.0,90.6,1.0,5.2,38260
"Pittsburgh, PA Metro Area",0.2,2.9,3.6,76.7,1.2,15.4,38300
"Pittsfield, MA Metro Area",0.2,5.2,1.4,79.8,0.7,12.7,38340
"Plainview, TX Micro Area",0.0,1.0,0.1,95.3,1.0,2.5,38380
"Platteville, WI Micro Area",0.4,6.8,0.3,81.5,1.8,9.3,38420
"Plattsburgh, NY Micro Area",0.3,4.7,0.2,87.0,0.7,7.2,38460
"Plymouth, IN Micro Area",1.9,3.0,0.1,87.9,1.9,5.2,38500
"Pocatello, ID Metro Area",0.6,2.5,1.2,84.2,1.1,10.5,38540
"Ponca City, OK Micro Area",0.1,1.6,0.0,92.9,2.0,3.4,38620
"Ponce, PR Metro Area",0.2,1.8,0.3,92.7,1.3,3.7,38660
"Pontiac, IL Micro Area",1.0,3.0,0.2,87.9,1.1,6.8,38700
"Poplar Bluff, MO Micro Area",0.1,1.6,0.5,91.7,1.2,4.9,38740
"Port Angeles, WA Micro Area",0.5,3.4,1.1,81.1,1.4,12.5,38820
"Portland-South Portland, ME Metro Area",0.4,3.8,0.8,76.7,1.0,17.2,38860
"Portland-Vancouver-Hillsboro, OR-WA Metro Area",1.4,3.1,3.7,70.3,1.2,20.4,38900
"Port Lavaca, TX Micro Area",0.0,2.2,0.0,93.7,0.1,4.0,38920
"Port St. Lucie, FL Metro Area",0.5,1.2,0.2,85.3,1.5,11.4,38940
"Portsmouth, OH Micro Area",0.1,1.5,0.1,92.1,0.7,5.5,39020
"Port Townsend, WA Micro Area",0.9,4.4,1.5,70.7,0.9,21.5,39040
"Pottsville, PA Micro Area",0.1,3.0,0.3,89.4,1.0,6.2,39060
"Prescott Valley-Prescott, AZ Metro Area",0.4,3.0,0.2,82.3,1.6,12.5,39150
"Price, UT Micro Area",0.2,1.4,0.5,91.0,1.3,5.5,39220
"Providence-Warwick, RI-MA Metro Area",0.3,2.6,1.8,83.0,1.4,10.9,39300
"Provo-Orem-Lehi, UT Metro Area",0.5,2.9,1.9,76.8,0.9,17.1,39340
"Pueblo, CO Metro Area",0.3,1.3,0.6,89.5,0.8,7.6,39380
"Pullman, WA Micro Area",1.5,11.7,3.4,72.7,1.1,9.5,39420
"Punta Gorda, FL Metro Area",0.5,1.0,0.2,80.7,2.2,15.3,39460
"Putnam, CT Micro Area",0.1,0.6,0.1,87.7,0.8,10.6,39480
"Quincy, IL-MO Micro Area",0.3,2.5,0.5,88.8,1.0,6.8,39500
"Racine-Mount Pleasant, WI Metro Area",0.2,1.0,0.9,87.0,2.0,8.9,39540
"Raleigh-Cary, NC Metro Area",0.2,1.1,0.6,73.5,1.2,23.4,39580
"Rapid City, SD Metro Area",0.6,2.2,0.3,86.2,1.3,9.3,39660
"Raymondville, TX Micro Area",0.0,2.3,0.0,88.2,0.1,9.4,39700
"Reading, PA Metro Area",0.1,2.8,1.0,83.5,1.9,10.6,39740
"Red Bluff, CA Micro Area",0.1,1.6,0.1,86.9,1.0,10.2,39780
"Redding, CA Metro Area",0.8,2.0,0.5,87.2,0.9,8.6,39820
"Red Wing, MN Micro Area",0.3,2.2,1.0,85.6,0.7,10.2,39860
"Reno, NV Metro Area",0.4,2.2,1.8,82.7,2.1,10.8,39900
"Rexburg, ID Micro Area",0.8,10.4,0.9,75.5,0.5,11.9,39940
"Rice Lake, WI Micro Area",0.1,3.5,0.1,87.3,0.9,8.2,39960
"Richmond, IN Micro Area",0.0,2.7,0.2,90.3,0.6,6.1,39980
"Richmond, VA Metro Area",0.3,1.7,1.1,79.0,1.2,16.7,40060
"Richmond-Berea, KY Micro Area",0.2,3.3,0.1,87.6,1.0,7.7,40080
"Rifle, CO Micro Area",3.4,4.2,4.1,76.1,1.0,11.2,40090
"Rio Grande City-Roma, TX Micro Area",0.0,3.3,0.0,85.8,1.8,9.1,40100
"Riverside-San Bernardino-Ontario, CA Metro Area",0.2,1.3,0.8,85.9,1.3,10.5,40140
"Riverton, WY Micro Area",0.9,4.1,0.4,84.1,1.3,9.1,40180
"Roanoke, VA Metro Area",0.1,1.5,0.9,84.5,1.2,11.8,40220
"Roanoke Rapids, NC Micro Area",0.0,0.8,0.0,88.8,3.4,7.0,40260
"Rochelle, IL Micro Area",0.1,1.6,0.6,89.4,1.1,7.2,40300
"Rochester, MN Metro Area",0.6,3.5,2.5,79.5,1.1,12.8,40340
"Rochester, NY Metro Area",0.4,2.7,1.4,81.7,1.2,12.6,40380
"Rockford, IL Metro Area",0.2,1.1,0.5,88.5,1.1,8.5,40420
"Rockingham, NC Micro Area",0.0,1.3,0.2,95.2,0.6,2.7,40460
"Rock Springs, WY Micro Area",0.6,1.8,2.4,92.1,0.3,2.8,40540
"Rocky Mount, NC Metro Area",0.1,0.7,0.4,88.1,1.7,9.1,40580
"Rolla, MO Micro Area",0.7,3.8,0.1,87.5,0.9,7.0,40620
"Rome, GA Metro Area",0.1,2.8,0.1,89.4,1.5,6.2,40660
"Roseburg, OR Micro Area",0.2,2.6,0.3,86.3,0.9,9.7,40700
"Roswell, NM Micro Area",0.3,2.0,0.1,91.4,1.2,5.0,40740
"Ruidoso, NM Micro Area",0.2,1.1,0.1,83.8,1.9,12.8,40760
"Russellville, AL Micro Area",0.0,0.1,0.0,98.1,0.3,1.5,40770
"Russellville, AR Micro Area",0.0,1.7,0.2,91.0,2.0,5.1,40780
"Ruston, LA Micro Area",0.2,2.8,0.0,86.3,0.3,10.4,40820
"Rutland, VT Micro Area",0.0,2.5,0.8,86.4,0.8,9.4,40860
"Sacramento-Roseville-Folsom, CA Metro Area",1.1,1.8,1.3,76.3,1.6,17.9,40900
"Safford, AZ Micro Area",0.0,1.1,0.2,92.5,1.5,4.6,40940
"Saginaw, MI Metro Area",0.2,2.0,0.4,88.3,0.8,8.4,40980
"St. Cloud, MN Metro Area",0.5,4.2,1.2,84.2,1.0,8.9,41060
"St. George, UT Metro Area",0.4,1.5,0.4,83.2,1.4,13.1,41100
"St. Joseph, MO-KS Metro Area",0.0,1.3,0.2,90.2,1.0,7.2,41140
"St. Louis, MO-IL Metro Area",0.2,1.5,1.3,82.1,1.0,13.8,41180
"St. Marys, PA Micro Area",0.3,2.5,0.4,91.9,2.0,2.8,41260
"Salem, OH Micro Area",0.7,2.3,0.2,90.4,0.8,5.6,41400
"Salem, OR Metro Area",0.7,2.4,1.2,81.9,1.3,12.6,41420
"Salina, KS Micro Area",0.8,1.9,0.4,89.3,1.0,6.6,41460
"Salinas, CA Metro Area",0.5,2.9,1.3,80.0,6.1,9.1,41500
"Salisbury, MD Metro Area",0.2,2.2,0.4,88.2,1.4,7.6,41540
"Salt Lake City-Murray, UT Metro Area",0.5,1.7,2.2,77.0,1.0,17.5,41620
"San Angelo, TX Metro Area",0.1,3.5,0.4,87.1,1.2,7.7,41660
"San Antonio-New Braunfels, TX Metro Area",0.2,1.5,1.3,82.4,1.5,13.0,41700
"San Diego-Chula Vista-Carlsbad, CA Metro Area",0.5,3.1,2.2,75.7,1.6,16.9,41740
"Sandpoint, ID Micro Area",2.5,2.8,1.0,80.2,1.8,11.6,41760
"Sandusky, OH Metro Area",0.1,1.5,0.8,90.4,1.3,5.9,41780
"Sanford, NC Micro Area",0.0,1.5,0.2,91.1,1.4,5.7,41820
"San Francisco-Oakland-Fremont, CA Metro Area",1.5,3.9,10.3,59.1,2.0,23.2,41860
"San Jose-Sunnyvale-Santa Clara, CA Metro Area",1.3,2.0,2.6,71.2,1.3,21.5,41940
"San Juan-Bayamón-Caguas, PR Metro Area",0.1,2.5,1.2,88.5,1.9,5.7,41980
"San Luis Obispo-Paso Robles, CA Metro Area",1.4,4.4,0.8,78.4,1.0,14.0,42020
"Santa Cruz-Watsonville, CA Metro Area",2.1,4.3,1.9,71.9,2.3,17.6,42100
"Santa Fe, NM Metro Area",0.6,2.1,0.9,78.3,1.1,17.0,42140
"Santa Maria-Santa Barbara, CA Metro Area",2.5,3.9,2.3,77.3,1.5,12.5,42200
"Santa Rosa-Petaluma, CA Metro Area",0.7,2.4,1.0,80.2,1.4,14.4,42220
"Sault Ste. Marie, MI Micro Area",1.8,3.5,0.4,85.6,1.9,6.9,42300
"Savannah, GA Metro Area",0.7,1.7,1.1,86.0,1.5,9.0,42340
"Sayre, PA Micro Area",0.0,4.5,0.1,87.5,0.8,7.1,42380
"Scottsbluff, NE Micro Area",0.3,2.4,0.0,90.2,1.1,6.0,42420
"Scottsboro, AL Micro Area",0.0,0.8,0.1,93.6,1.1,4.3,42460
"Scranton--Wilkes-Barre, PA Metro Area",0.1,2.7,0.7,86.0,1.1,9.3,42540
"Seaford, DE Micro Area",0.4,1.4,0.3,84.8,1.3,11.8,42580
"Searcy, AR Micro Area",0.3,1.8,0.2,93.4,0.5,3.8,42620
"Seattle-Tacoma-Bellevue, WA Metro Area",0.8,3.3,5.8,67.3,1.2,21.6,42660
"Sebastian-Vero Beach-West Vero Corridor, FL Metro Area",0.7,0.6,0.6,84.4,1.9,11.8,42680
"Sebring, FL Metro Area",0.3,1.9,0.2,88.6,1.6,7.6,42700
"Sedalia, MO Micro Area",0.2,1.0,0.2,90.4,1.9,6.2,42740
"Selinsgrove, PA Micro Area",1.4,6.1,0.3,83.0,0.7,8.6,42780
"Selma, AL Micro Area",0.0,1.2,0.5,92.7,0.5,5.1,42820
"Seneca, SC Micro Area",0.0,1.1,0.3,88.4,1.5,8.6,42860
"Seneca Falls, NY Micro Area",0.1,3.0,0.4,86.4,2.1,7.9,42900
"Sevierville, TN Micro Area",0.0,1.2,0.5,90.8,0.4,7.1,42940
"Seymour, IN Micro Area",0.0,2.4,0.0,91.7,2.0,3.8,42980
"Shawano, WI Micro Area",0.3,2.9,0.1,85.9,1.7,9.1,43020
"Shawnee, OK Micro Area",0.1,1.6,0.0,90.2,1.1,6.9,43060
"Sheboygan, WI Metro Area",0.6,1.9,0.3,86.4,1.2,9.8,43100
"Shelby-Kings Mountain, NC Micro Area",0.0,2.0,0.0,91.0,0.8,6.2,43140
"Shelbyville, TN Micro Area",0.0,0.9,0.0,89.8,1.0,8.3,43180
"Shelton, WA Micro Area",0.0,1.4,1.3,84.3,1.4,11.6,43220
"Sheridan, WY Micro Area",0.4,3.1,0.0,88.6,0.6,7.3,43260
"Sherman-Denison, TX Metro Area",0.1,1.6,0.5,85.5,1.1,11.2,43300
"Show Low, AZ Micro Area",0.4,3.4,0.8,85.1,1.3,8.9,43320
"Shreveport-Bossier City, LA Metro Area",0.1,1.1,0.9,90.2,1.9,5.9,43340
"Sidney, OH Micro Area",0.7,0.6,0.2,93.7,0.4,4.4,43380
"Sierra Vista-Douglas, AZ Metro Area",0.2,2.3,0.1,85.1,1.5,10.7,43420
"Sikeston, MO Micro Area",0.2,1.3,0.0,93.2,1.0,4.2,43460
"Silver City, NM Micro Area",0.0,2.0,0.1,84.6,0.3,13.0,43500
"Sioux City, IA-NE-SD Metro Area",0.2,1.9,0.9,90.6,0.7,5.7,43580
"Sioux Falls, SD-MN Metro Area",0.1,2.0,0.5,86.5,0.8,10.1,43620
"Slidell-Mandeville-Covington, LA Metro Area",0.1,0.8,0.1,85.1,1.5,12.4,43640
"Snyder, TX Micro Area",0.0,2.7,0.0,92.7,0.9,3.7,43660
"Somerset, KY Micro Area",0.0,1.0,0.2,93.2,0.6,4.9,43700
"Somerset, PA Micro Area",0.0,2.2,0.2,89.3,0.8,7.5,43740
"Sonora, CA Micro Area",0.0,3.5,0.3,83.6,0.6,12.0,43760
"South Bend-Mishawaka, IN-MI Metro Area",0.6,3.3,1.0,84.7,1.2,9.3,43780
"Sparta, WI Micro Area",0.4,2.6,0.1,86.6,2.1,8.3,43890
"Spartanburg, SC Metro Area",0.1,0.9,0.1,90.4,1.1,7.5,43900
"Spearfish, SD Micro Area",0.1,3.9,1.2,88.0,0.8,6.0,43940
"Spencer, IA Micro Area",0.3,4.2,1.1,87.7,0.2,6.5,43980
"Spirit Lake, IA Micro Area",0.5,1.8,0.0,85.2,1.9,10.5,44020
"Spokane-Spokane Valley, WA Metro Area",0.4,2.6,1.8,80.1,1.2,13.9,44060
"Springfield, IL Metro Area",0.4,1.4,1.0,84.5,0.9,11.8,44100
"Springfield, MA Metro Area",0.2,1.9,1.8,85.4,1.3,9.4,44140
"Springfield, MO Metro Area",0.3,1.9,0.6,86.7,1.0,9.4,44180
"Springfield, OH Metro Area",0.1,2.0,0.4,88.6,0.5,8.3,44220
"Starkville, MS Micro Area",0.5,2.3,0.4,89.0,0.9,7.1,44260
"State College, PA Metro Area",1.8,7.6,3.6,72.8,0.6,13.6,44300
"Statesboro, GA Micro Area",0.3,2.2,0.6,88.1,1.6,7.3,44340
"Staunton-Stuarts Draft, VA Metro Area",0.2,2.2,0.2,89.7,0.8,6.9,44420
"Steamboat Springs, CO Micro Area",1.6,3.0,1.0,79.3,1.0,14.1,44460
"Stephenville, TX Micro Area",1.1,4.5,0.0,86.3,1.4,6.7,44500
"Sterling, CO Micro Area",0.3,3.0,2.1,86.2,0.2,8.2,44540
"Sterling, IL Micro Area",0.7,3.5,0.3,90.2,0.4,4.9,44580
"Stevens Point-Plover, WI Micro Area",0.9,4.0,0.4,82.4,0.8,11.5,44620
"Stillwater, OK Micro Area",1.1,4.4,0.7,84.0,1.6,8.2,44660
"Stockton-Lodi, CA Metro Area",0.3,1.1,1.1,87.2,1.0,9.3,44700
"Storm Lake, IA Micro Area",0.3,5.9,0.0,87.1,0.3,6.3,44740
"Sturgis, MI Micro Area",1.3,2.0,0.1,89.3,1.1,6.1,44780
"Sulphur Springs, TX Micro Area",0.0,1.3,0.7,89.6,1.3,7.1,44860
"Summerville, GA Micro Area",0.0,0.7,0.4,94.7,0.3,3.8,44900
"Sumter, SC Metro Area",0.2,1.5,0.2,92.4,1.2,4.5,44940
"Sunbury, PA Micro Area",0.1,3.9,0.2,86.2,1.0,8.7,44980
"Susanville, CA Micro Area",0.2,2.7,0.4,89.6,0.5,6.7,45000
"Sweetwater, TX Micro Area",0.6,2.4,0.0,91.5,1.9,3.6,45020
"Syracuse, NY Metro Area",0.2,3.8,1.7,82.0,1.6,10.6,45060
"Tahlequah, OK Micro Area",0.2,3.5,0.1,87.6,1.5,7.1,45140
"Talladega-Sylacauga, AL Micro Area",0.3,1.1,0.2,92.9,1.4,4.1,45180
"Tallahassee, FL Metro Area",0.4,2.1,1.3,83.6,1.0,11.7,45220
"Tampa-St. Petersburg-Clearwater, FL Metro Area",0.5,1.2,0.8,77.8,1.7,17.8,45300
"Taos, NM Micro Area",0.2,2.7,0.5,78.3,0.9,17.4,45340
"Taylorville, IL Micro Area",0.2,0.7,0.0,92.6,0.2,6.3,45380
"Terre Haute, IN Metro Area",0.4,2.7,0.7,90.5,0.9,4.9,45460
"Texarkana, TX-AR Metro Area",0.0,1.1,0.1,92.7,1.0,5.1,45500
"The Dalles, OR Micro Area",0.4,3.6,0.8,86.2,2.2,6.9,45520
"Thomaston, GA Micro Area",0.0,2.9,0.0,92.8,1.2,3.0,45580
"Thomasville, GA Micro Area",0.2,0.6,0.3,93.1,0.3,5.6,45620
"Tiffin, OH Micro Area",0.1,4.2,0.2,89.0,1.4,5.0,45660
"Tifton, GA Micro Area",0.3,1.2,0.1,92.0,1.0,5.4,45700
"Toccoa, GA Micro Area",0.2,2.0,0.0,90.7,0.7,6.4,45740
"Toledo, OH Metro Area",0.2,1.9,0.7,88.6,0.9,7.7,45780
"Topeka, KS Metro Area",0.0,1.7,0.5,87.0,1.1,9.7,45820
"Torrington, CT Micro Area",0.2,3.2,1.2,80.1,1.0,14.2,45860
"Town of Pecos, TX Micro Area",0.0,1.1,0.0,95.4,2.2,1.3,45880
"Traverse City, MI Metro Area",0.9,1.9,0.7,82.9,0.9,12.8,45900
"Trenton-Princeton, NJ Metro Area",0.7,3.5,5.2,70.7,2.1,17.8,45940
"Troy, AL Micro Area",0.3,1.7,0.4,91.9,1.3,4.5,45980
"Truckee-Grass Valley, CA Micro Area",0.8,1.8,0.1,73.7,1.5,22.1,46020
"Tucson, AZ Metro Area",1.0,1.9,1.6,80.3,1.4,13.8,46060
"Tullahoma-Manchester, TN Micro Area",0.1,1.5,0.0,90.0,0.3,8.1,46100
"Tulsa, OK Metro Area",0.2,1.2,0.3,87.2,1.2,9.8,46140
"Tupelo, MS Micro Area",0.0,0.3,0.1,94.5,0.7,4.5,46180
"Tuscaloosa, AL Metro Area",0.2,1.4,0.8,90.7,0.6,6.3,46220
"Twin Falls, ID Metro Area",0.1,1.1,0.1,90.1,1.0,7.5,46300
"Tyler, TX Metro Area",0.2,1.3,0.3,87.5,1.9,8.9,46340
"Ukiah, CA Micro Area",0.3,6.5,0.4,80.6,0.6,11.7,46380
"Union City, TN Micro Area",0.2,1.2,0.0,93.1,1.8,3.7,46460
"Urbana, OH Micro Area",0.1,2.2,0.0,88.4,1.0,8.2,46500
"Urban Honolulu, HI Metro Area",1.0,5.0,5.3,77.7,2.6,8.4,46520
"Utica-Rome, NY Metro Area",0.3,3.3,0.9,84.9,0.8,9.8,46540
"Utuado, PR Micro Area",0.0,3.4,1.0,91.9,0.0,3.6,46580
"Uvalde, TX Micro Area",0.0,1.1,0.0,93.1,1.6,4.1,46620
"Valdosta, GA Metro Area",0.3,2.0,0.3,90.8,1.8,4.8,46660
"Vallejo, CA Metro Area",0.3,1.3,1.9,84.5,1.2,10.9,46700
"Van Wert, OH Micro Area",0.3,1.9,0.1,92.9,1.1,3.8,46780
"Vermillion, SD Micro Area",1.9,10.7,0.3,78.9,0.5,7.7,46820
"Vernal, UT Micro Area",0.9,2.3,0.4,88.6,1.4,6.5,46860
"Vernon, TX Micro Area",0.9,1.6,0.1,93.5,0.9,2.9,46900
"Vicksburg, MS Micro Area",0.0,0.7,0.3,94.5,1.7,2.9,46980
"Victoria, TX Metro Area",0.2,1.6,0.6,90.2,0.9,6.5,47020
"Vidalia, GA Micro Area",0.0,3.0,0.3,91.0,0.6,5.1,47080
"Vincennes, IN Micro Area",0.3,3.7,0.3,93.0,0.7,2.0,47180
"Vineland, NJ Metro Area",0.4,1.3,1.1,90.8,1.4,4.9,47220
"Vineyard Haven, MA Micro Area",0.6,6.5,1.6,72.2,0.7,18.4,47240
"Virginia Beach-Chesapeake-Norfolk, VA-NC Metro Area",0.3,2.4,1.1,83.9,1.5,10.7,47260
"Visalia, CA Metro Area",0.1,1.3,0.3,91.9,0.7,5.6,47300
"Wabash, IN Micro Area",0.2,2.6,0.1,90.7,0.8,5.6,47340
"Waco, TX Metro Area",0.2,1.9,0.3,88.1,0.8,8.7,47380
"Wahpeton, ND-MN Micro Area",0.4,5.1,0.4,84.3,1.7,8.1,47420
"Walla Walla, WA Metro Area",1.2,6.6,0.8,79.1,1.2,11.2,47460
"Wapakoneta, OH Micro Area",0.6,1.7,0.3,91.0,0.9,5.4,47540
"Warner Robins, GA Metro Area",0.3,0.7,0.3,88.6,1.2,9.0,47580
"Warren, PA Micro Area",0.1,3.3,0.8,89.6,1.3,5.0,47620
"Warrensburg, MO Micro Area",0.2,3.6,0.3,88.5,1.1,6.3,47660
"Warsaw, IN Micro Area",0.6,2.4,0.2,88.0,1.1,7.7,47700
"Washington, IN Micro Area",0.6,3.3,0.1,89.3,1.3,5.4,47780
"Washington, NC Micro Area",0.2,1.0,0.1,88.9,1.1,8.7,47820
"Washington-Arlington-Alexandria, DC-VA-MD-WV Metro Area",0.7,2.7,7.9,64.3,1.8,22.6,47900
"Washington Court House, OH Micro Area",0.0,1.1,0.7,93.6,0.2,4.4,47920
"Waterbury-Shelton, CT Metro Area",0.1,1.6,1.5,84.3,1.2,11.4,47930
"Waterloo-Cedar Falls, IA Metro Area",0.3,3.7,0.2,86.3,0.6,8.9,47940
"Watertown, SD Micro Area",0.5,1.2,0.5,91.0,0.8,6.0,47980
"Watertown-Fort Atkinson, WI Micro Area",0.3,3.1,0.3,85.6,1.4,9.3,48020
"Watertown-Fort Drum, NY Metro Area",0.2,4.5,0.5,85.7,1.7,7.4,48060
"Wausau, WI Metro Area",0.3,1.9,0.3,84.9,1.0,11.7,48140
"Waycross, GA Micro Area",0.1,0.6,0.1,94.6,0.9,3.7,48180
"Waynesville, NC Micro Area",0.1,2.6,0.0,88.5,1.0,7.7,48200
"Weatherford, OK Micro Area",0.0,2.3,0.0,92.0,1.5,4.2,48220
"Weirton-Steubenville, WV-OH Metro Area",0.0,3.2,0.4,87.3,1.1,8.0,48260
"Wenatchee-East Wenatchee, WA Metro Area",0.6,3.3,1.3,83.4,3.1,8.2,48300
"West Plains, MO Micro Area",0.0,1.3,0.2,93.0,2.0,3.5,48460
"Wheeling, WV-OH Metro Area",0.1,2.4,0.6,90.7,0.5,5.6,48540
"Whitewater-Elkhorn, WI Micro Area",0.4,3.4,0.2,85.4,1.0,9.7,48580
"Wichita, KS Metro Area",0.3,1.4,0.5,89.3,1.2,7.3,48620
"Wichita Falls, TX Metro Area",0.3,6.4,0.2,85.3,1.1,6.7,48660
"Wildwood-The Villages, FL Metro Area",1.2,1.5,0.2,78.6,5.3,13.3,48680
"Williamsport, PA Metro Area",0.3,3.5,1.3,86.8,0.7,7.5,48700
"Williston, ND Micro Area",0.0,3.4,0.2,92.3,0.9,3.2,48780
"Willmar, MN Micro Area",0.5,1.3,1.0,87.8,1.1,8.3,48820
"Wilmington, NC Metro Area",0.3,1.2,0.4,81.7,0.9,15.5,48900
"Wilmington, OH Micro Area",0.2,2.7,0.3,88.2,1.0,7.5,48940
"Wilson, NC Micro Area",0.0,1.5,0.1,90.4,1.5,6.5,48980
"Winchester, TN Micro Area",0.6,2.8,0.1,88.4,0.4,7.6,49010
"Winchester, VA-WV Metro Area",0.1,1.8,0.3,85.9,1.0,11.0,49020
"Winnemucca, NV Micro Area",0.0,1.4,9.9,79.5,2.3,6.9,49080
"Winona, MN Micro Area",0.8,6.0,1.2,81.7,0.9,9.5,49100
"Winston-Salem, NC Metro Area",0.1,1.2,0.5,86.5,1.1,10.6,49180
"Wisconsin Rapids-Marshfield, WI Micro Area",0.7,2.1,0.1,86.9,1.0,9.1,49220
"Woodward, OK Micro Area",0.1,1.2,0.3,93.0,2.5,2.9,49260
"Wooster, OH Micro Area",1.7,4.8,0.2,84.2,2.2,7.0,49300
"Worcester, MA Metro Area",0.1,2.4,1.5,79.5,2.1,14.3,49340
"Worthington, MN Micro Area",0.3,4.7,1.1,87.0,1.0,6.0,49380
"Yakima, WA Metro Area",0.3,1.3,0.3,91.0,0.8,6.4,49420
"Yankton, SD Micro Area",0.1,3.2,1.1,89.1,1.0,5.5,49460
"York-Hanover, PA Metro Area",0.2,1.5,0.8,85.9,1.0,10.5,49620
"Youngstown-Warren, OH Metro Area",0.1,1.3,0.9,88.6,1.6,7.5,49660
"Yuba City, CA Metro Area",0.2,1.4,0.7,89.2,0.9,7.7,49700
"Yuma, AZ Metro Area",0.4,1.6,0.7,89.5,1.1,6.7,49740
"Zanesville, OH Micro Area",0.0,1.7,0.1,92.6,0.3,5.3,49780
"Zapata, TX Micro Area",0.0,2.3,0.0,89.9,0.0,7.9,49820